Product code;Language;Product code sec
D00014MK1P;uk;1
E0004UBR1Y;uk;2
B0005QJH6U;uk;3
T0006UROBG;uk;4
A0007DQ1TL;uk;5
W0008TGVI1;uk;6
F0009ORD06;uk;7
L00102FQ97;uk;8
Z0011CZSNI;uk;9
U0012O5AF0;uk;10
J00133PNYZ;uk;11
M0014IVPFH;uk;12
H0015EXYM6;uk;13
H00162EP2P;uk;14
G0017HS88V;uk;15
W0018W504I;uk;16
J001933ZYZ;uk;17
M00209NIOG;uk;18
J00216UKRV;uk;19
F0022TLB3Q;uk;20
G0023968XZ;uk;21
R0024KODQ2;uk;22
R0025KFF65;uk;23
K00264EGJK;uk;24
G0027IR79N;uk;25
R0028P1EHQ;uk;26
T0029EAW9R;uk;27
H00305TUE7;uk;28
D0031VJD0L;uk;29
T0032Q3082;uk;30
W00336L5NA;uk;31
W00341JAWN;uk;32
Z0035X590V;uk;33
B0036NZ0FU;uk;34
L00379540B;uk;35
U003826PEJ;uk;36
X0039CB6XW;uk;37
A0040LYF7M;uk;38
I0041AGKCY;uk;39
K0042BKTKR;uk;40
N0043XCGKY;uk;41
A0044UQ78W;uk;42
Q0045PT1DZ;uk;43
T00466CBMY;uk;44
J0047KCW09;uk;45
O0048N7QAG;uk;46
Q0049IN199;uk;47
V0050M1GB0;uk;48
H0051EAJD8;uk;49
I0052GDLN3;uk;50
B0053N10L0;uk;51
I0054QMMPO;uk;52
N005510VYI;uk;53
L0056LL3EL;uk;54
R0057SFAR6;uk;55
I0058SG177;uk;56
Q0059PALYI;uk;57
O0060X7Y9Y;uk;58
F00620YZ55;uk;59
J0063Z8JWN;uk;60
V0064ZVR98;uk;61
O0065SHTHB;uk;62
B00666E71X;uk;63
J00670N9NC;uk;64
U00684Y11J;uk;65
U0069R50SC;uk;66
Y0070SQYFT;uk;67
O0071FR7HZ;uk;68
N007221KA0;uk;69
M0073Q30SG;uk;70
S0074AE6U7;uk;71
B00755AJUD;uk;72
W00769N690;uk;73
L0078RO9Y9;uk;74
Z0079TIUPW;uk;75
M0080Z1B49;uk;76
Y0081TT6SI;uk;77
S0082Z8OYM;uk;78
X0083AILW7;uk;79
P0084TFPRL;uk;80
W0085XKO7V;uk;81
I0086KA0W2;uk;82
U008775P3X;uk;83
E0088Z4YB8;uk;84
O0089OKQAX;uk;85
Y0090CLU50;uk;86
W00918CYVW;uk;87
I00927PN4T;uk;88
Y0093T69G8;uk;89
A0094VY6U3;uk;90
S0095VELIH;uk;91
C0096T88CH;uk;92
T0097H98EI;uk;93
E011296HKW;uk;94
P011376198;uk;95
V0100ZBORU;uk;96
E01010TOGW;uk;97
E01027HIDS;uk;98
S0103G26P3;uk;99
N0104CXAWS;uk;100
M01052HXOG;uk;101
C0106D3GWB;uk;102
F01072HXUI;uk;103
I0108TD8BL;uk;104
C01099FRFC;uk;105
E01105O46P;uk;106
F0111O12WW;uk;107
U0114N9X4E;uk;108
N0115R3FDX;uk;109
P01160R6WH;uk;110
C0117E8CC7;uk;111
H0118GRDLH;uk;112
R0119703TC;uk;113
B0120TBX2K;uk;114
L012149RZH;uk;115
J01223DYAH;uk;116
C0123RSXUU;uk;117
D01245K7FF;uk;118
Y01252CY9O;uk;119
F01262AH0T;uk;120
A0127P1V0T;uk;121
K0128RATX3;uk;122
O0129GKRU9;uk;123
T0130501N7;uk;124
I0131TAKCI;uk;125
S0132PANHE;uk;126
I0133JJ7IC;uk;127
Y0134XZKTS;uk;128
B0135ZGE8V;uk;129
A0136VBI1A;uk;130
H0137J8TMV;uk;131
G0138IU32J;uk;132
Z0139588PS;uk;133
C0140WY5XY;uk;134
Y01413SJOB;uk;135
H0142DQBME;uk;136
Z01433JOK5;uk;137
M0144TJFHE;uk;138
Y0145WPLX9;uk;139
A0146P0NT5;uk;140
Q014797842;uk;141
H0148VPS1T;uk;142
E0149D04B9;uk;143
K01502P8VF;uk;144
C0151LG8CS;uk;145
D0152X65HT;uk;146
Q0153SHXQ0;uk;147
T0154F3MKH;uk;148
N01552LVJT;uk;149
F01564IPN2;uk;150
G0157AX10M;uk;151
N0158NC3UY;uk;152
L0159TYZDW;uk;153
L0160MZ4DS;uk;154
N0161QCS4X;uk;155
A0162LEU0L;uk;156
W0163ME90H;uk;157
O01648JXQC;uk;158
N0165BQMZZ;uk;159
A01662K0D9;uk;160
H0167T7K2E;uk;161
C016809TC9;uk;162
A016998ZXV;uk;163
J0170YXQXC;uk;164
Q0171LINQ9;uk;165
Y0172YCAWT;uk;166
N0173TLFE1;uk;167
K0174R9CUN;uk;168
S0175KUFJJ;uk;169
Y01761IUK5;uk;170
J0177S9SI3;uk;171
G0178014M3;uk;172
B0179UHL46;uk;173
Q01802L8VS;uk;174
A0181ZSJSS;uk;175
N0182YV5QV;uk;176
E0183D500N;uk;177
D0184CU1VL;uk;178
B0185I7U24;uk;179
N01868E9SB;uk;180
D0187LXFZO;uk;181
M0188MVCYL;uk;182
O0189UKMNW;uk;183
O019015C2L;uk;184
Q0191PBM44;uk;185
E01923M6DA;uk;186
Y0205HGGEI;uk;187
P01947A0SW;uk;188
I0195ZFDB8;uk;189
I0196BBF6I;uk;190
A019737E4S;uk;191
K01984N7PI;uk;192
Y0199F6AC6;uk;193
X02002U30A;uk;194
V02011EWI8;uk;195
T0202OTGXT;uk;196
R02034W1ZL;uk;197
B0204ZOC1I;uk;198
Q0206MCK7B;uk;199
W0207TLU5R;uk;200
F0208V084C;uk;201
G0209Y9N72;uk;202
D0210M5AN1;uk;203
H021184FO0;uk;204
P0212CTOEA;uk;205
R0213E2U6B;uk;206
K02149B2ZX;uk;207
O02154E04H;uk;208
L0227FHI2Y;uk;209
H0217E3OE9;uk;210
B0218UO9WS;uk;211
M0219A3GX3;uk;212
P0220KHOS3;uk;213
X0221UHBTA;uk;214
P0222KUH4T;uk;215
O0223AQI3W;uk;216
Y0224Y3QQU;uk;217
E0225PPZPL;uk;218
P02266IOPQ;uk;219
I0228OF40N;uk;220
V0229W5J8F;uk;221
B0230S7Q0V;uk;222
S0231YYSMK;uk;223
S0232MRZ1Y;uk;224
H023315I7E;uk;225
R0234XOWI6;uk;226
N02351Q6BY;uk;227
A0236BQ31M;uk;228
B0237HI9M0;uk;229
Q0238LW6GY;uk;230
L0239KVQ9F;uk;231
E0240Y27BE;uk;232
I0241GCXF9;uk;233
G0242JXP9R;uk;234
U02431526C;uk;235
B00F3IUN27;uk;236
B00F3IUN24;uk;237
B00F3F0GLU;uk;238
B00F3F0GTA;uk;239
L2571ODER9;uk;240
TSHIRT1;uk;241
TSHIRT2;uk;242
TSHIRT3;uk;243
TSHIRT4;uk;244
TSHIRT5;uk;245
TSHIRT6;uk;246
TSHIRT7;uk;247
